458989,1,1,36,1,2,0,0,1,6,1
458994,0,1,37,1,5,8,1,4,6,0
458996,1,1,69,0,,0,0,1,6,0
459000,0,1,59,0,4,11,2,2,6,1
459001,1,0,19,0,8,,0,4,6,0
459003,0,1,47,1,1,0,2,5,4,2
459005,0,1,61,1,1,5,0,3,6,3
459008,1,1,47,1,0,1,1,3,6,3
459013,0,1,50,1,0,2,1,4,6,1
459014,0,0,19,0,5,0,0,4,6,1
459015,0,0,22,0,5,0,0,3,6,3
459016,1,0,22,0,5,0,0,6,6,3
459024,0,1,50,1,0,1,1,5,6,0
459026,0,0,27,0,5,8,0,3,3,3
459032,0,0,18,0,1,0,0,3,6,3
459033,1,1,61,1,0,0,0,1,6,2
459036,1,1,20,1,7,1,1,3,3,3
459039,0,1,45,1,0,1,1,2,6,1
459041,0,1,55,1,0,8,0,1,6,1
459045,1,1,88,1,7,1,1,4,6,2
459056,0,1,63,0,4,,2,3,6,0
459057,0,1,69,0,7,,2,,6,3
459058,0,0,42,1,0,0,0,4,3,0
459059,0,1,79,0,4,,2,2,6,1
459061,1,1,35,1,5,9,2,3,6,1
459064,0,1,27,0,4,5,2,4,6,1
459065,0,1,52,1,2,,0,2,6,0
459074,1,0,29,1,5,0,0,4,4,1
459077,1,1,79,0,7,1,2,2,6,0
459079,0,1,87,1,7,,2,2,6,2
459080,0,1,89,0,7,1,0,2,6,2
459083,0,1,63,1,0,9,1,3,,0
459090,0,0,31,0,0,1,0,2,6,1
459091,0,1,72,1,0,1,1,6,1,3
459093,1,1,41,1,1,9,1,2,,3
459100,1,0,61,1,0,11,0,1,6,2
459106,0,1,62,1,0,0,0,2,6,0
459114,0,1,56,1,0,1,1,2,6,1
459116,0,1,60,1,0,2,1,5,6,2
459117,0,1,68,1,0,0,2,2,6,1
459118,0,0,19,0,5,,0,8,6,0
459119,0,1,57,1,4,8,2,3,6,3
459120,0,0,19,0,5,5,0,5,2,0
459121,1,1,51,1,0,3,1,6,6,2
459123,1,1,86,0,0,1,2,2,6,0
459130,1,1,74,0,7,1,2,2,6,2
459132,0,0,23,0,3,6,0,2,6,1
459136,0,1,47,1,0,0,1,2,6,3
459140,1,0,19,0,5,7,0,6,6,3
459143,0,1,50,0,0,0,2,4,6,1
459144,0,1,80,1,7,,2,2,6,1
459145,0,1,78,0,7,,0,1,2,2
459150,1,0,48,1,1,0,0,1,6,0
459160,0,1,70,1,1,1,1,2,6,1
459161,0,1,50,1,4,3,2,5,6,3
459162,1,1,83,1,7,0,2,2,6,2
459163,0,0,35,1,3,0,0,1,6,0
459167,1,0,36,1,0,0,0,2,5,3
459170,1,0,35,1,0,1,0,1,6,1
459171,0,1,35,1,0,0,1,2,6,3
459172,0,0,18,0,5,3,0,3,2,2
459175,1,1,73,1,0,1,1,2,6,2
459181,0,1,62,0,0,1,2,3,6,0
459182,1,1,46,1,0,1,1,2,6,0
459184,0,1,43,1,3,0,0,4,4,0
459185,1,0,32,1,3,7,0,1,6,3
459193,0,0,39,1,0,0,0,1,6,2
459194,1,1,89,1,7,0,2,2,6,0
459196,1,0,18,0,5,0,0,3,4,1
459208,1,1,57,1,0,0,2,2,3,1
459209,1,0,18,0,3,0,0,4,6,3
459210,1,1,71,1,0,1,2,2,6,2
459212,1,1,69,1,0,0,1,2,6,2
459213,1,0,42,1,5,0,0,4,6,3
459216,1,0,36,1,0,0,0,2,6,1
459220,1,1,80,1,7,1,2,2,6,3
459221,0,1,69,0,3,,0,1,6,1
459222,1,1,67,1,0,0,1,3,6,0
459223,1,1,47,1,1,1,1,4,6,2
459224,1,1,49,1,0,0,1,2,6,3
459227,1,1,32,0,2,9,0,4,6,0
459229,1,1,65,1,7,1,1,4,6,3
459236,1,1,78,0,7,0,2,2,6,3
459237,0,0,33,1,0,1,0,6,6,3
459244,0,1,48,1,0,1,0,1,6,3
459247,0,1,58,1,4,1,1,5,6,0
459258,1,1,83,1,7,1,2,,6,2
459263,1,0,30,0,5,9,0,4,6,0
459264,1,0,35,1,0,0,0,2,6,3
459266,0,0,32,1,5,6,0,5,6,3
459270,0,1,69,1,6,1,2,2,6,1
459284,1,1,71,1,7,1,2,2,6,2
459287,0,0,43,1,7,0,0,1,4,2
459288,0,1,37,1,0,0,0,2,6,0
459289,0,0,42,1,1,0,0,1,6,1
459290,1,1,70,1,1,1,1,2,6,2
459292,0,0,46,1,0,0,0,2,6,1
459293,0,0,21,0,5,,0,,1,2
459296,0,1,70,1,0,0,1,2,6,1
459300,1,1,61,1,0,1,0,,6,1
459307,0,1,60,1,3,1,0,1,6,2
459310,0,0,37,1,3,0,0,2,2,1
459316,0,1,30,1,5,1,0,2,6,0
459318,1,0,32,1,2,1,0,3,6,3
459320,0,1,26,1,4,0,0,3,6,3
459322,0,0,42,1,8,0,0,1,6,0
459323,1,0,18,0,1,,0,,6,3
459338,0,1,80,0,4,,0,,6,3
459339,0,1,29,1,5,8,2,2,6,2
459344,1,1,88,1,0,1,2,2,6,3
459347,0,1,70,1,7,1,0,1,6,0
459349,1,1,50,1,0,1,2,4,6,1
459352,0,1,43,1,1,4,1,4,3,1
459353,0,1,51,1,0,6,1,2,6,1
459354,1,1,50,1,0,,2,3,6,1
459355,1,1,74,0,6,,0,1,6,1
459360,1,0,29,1,5,,0,3,6,0
459361,1,0,32,1,2,,0,2,6,3
459362,0,1,60,0,4,0,0,2,6,3
459363,0,0,46,1,0,2,0,1,6,2
459364,1,1,81,1,8,0,0,2,6,1
459369,0,1,41,0,2,,1,7,4,0
459375,0,1,22,0,4,0,2,4,6,0
459377,0,1,37,1,0,0,1,3,6,3
459383,0,1,43,0,2,0,0,1,6,3
459384,0,1,50,1,0,1,1,3,6,3
459385,1,1,35,1,0,1,1,2,7,0
459386,0,1,65,0,7,1,2,2,6,2
459391,1,0,41,1,2,0,0,4,6,1
459394,0,0,28,0,3,8,0,2,6,3
459397,0,1,55,1,0,4,1,2,6,0
459398,1,1,58,0,7,,2,2,6,1
459401,0,0,28,0,5,1,0,3,,2
459403,0,1,48,1,0,,1,4,7,1
459405,1,1,78,0,1,1,2,2,6,1
459407,1,0,35,1,1,1,0,3,6,0
459409,1,1,76,1,7,0,2,2,6,1
459410,1,1,88,1,7,1,2,2,6,0
459412,0,1,61,1,,1,1,3,6,3
459413,1,1,79,1,0,,2,2,6,1
459415,0,0,30,0,1,0,0,4,6,0
459418,0,1,69,0,4,0,2,2,6,2
459419,0,1,65,1,1,1,1,2,6,1
459420,1,1,70,1,7,1,0,2,6,2
459421,0,1,32,0,5,0,1,4,6,3
459422,0,1,46,1,3,,0,4,6,0
459423,0,0,21,0,5,8,0,5,6,0
459424,0,1,47,1,1,,0,3,6,1
459428,1,0,39,0,8,0,0,2,4,3
459432,0,1,85,1,7,0,0,3,6,2
459436,1,0,66,1,0,0,0,2,6,0
459439,1,1,50,1,0,1,1,2,6,0
459445,1,1,42,1,0,0,1,3,6,1
459447,0,1,53,1,0,9,0,1,6,2
459449,0,1,37,1,0,,0,2,6,0
459451,1,1,45,1,0,1,0,2,6,3
459456,1,0,66,0,7,,0,1,6,0
459458,0,0,33,0,8,,0,,6,2
459459,0,1,40,1,0,4,0,1,6,0
459461,1,1,35,1,0,1,0,1,1,1
459464,0,0,27,1,0,,0,2,6,0
459466,1,1,48,1,0,0,1,3,4,0
459467,1,1,56,1,0,0,1,2,6,1
459469,0,1,25,1,5,,0,6,6,1
459471,1,0,30,0,0,,0,8,6,0
459480,1,1,46,1,3,7,0,3,6,2
459481,0,1,49,0,7,0,0,2,6,2
459482,0,1,72,0,8,1,0,4,6,2
459485,1,1,79,1,7,,2,2,6,2
459496,1,0,35,1,0,,0,3,6,0
459497,1,1,77,1,7,0,0,1,6,1
459499,1,1,79,0,7,,2,2,6,2
459503,0,1,42,1,5,6,2,4,6,3
459505,1,0,42,1,2,,0,1,6,0
459507,0,1,67,0,7,,2,2,1,1
459509,0,0,26,1,5,1,0,1,6,1
459512,0,1,67,1,7,1,2,2,6,0
459515,0,1,55,1,2,1,0,1,6,3
459516,1,,56,1,0,,1,2,6,3
459518,0,1,63,,,,1,4,6,0
459535,0,1,46,1,0,8,1,2,6,2
459536,0,1,32,1,5,7,0,2,6,3
459538,1,0,49,1,6,13,0,1,6,1
459541,0,1,59,1,0,1,2,2,6,2
459549,0,0,22,0,5,8,0,5,4,3
459555,1,0,28,1,0,8,0,1,6,1
459558,0,0,28,1,3,1,0,3,6,0
459564,0,1,75,1,7,2,0,1,6,3
459566,1,1,37,1,0,13,0,2,6,0
459567,0,1,50,1,1,0,1,2,6,1
459571,1,1,50,1,4,1,2,4,6,2
459576,1,1,88,0,7,,0,,,1
459579,1,1,35,1,0,3,1,5,4,0
459581,1,0,35,0,,,0,,7,2
459582,0,1,31,0,3,,1,3,6,0
459583,0,1,46,1,0,0,0,1,6,2
459585,1,1,50,1,0,1,1,4,6,2
459587,1,0,33,1,0,7,0,3,6,0
459588,0,1,49,1,0,0,0,1,6,0
459591,0,1,52,1,0,1,1,3,6,2
459592,0,0,25,0,5,0,0,3,6,3
459594,1,1,41,1,0,6,0,1,6,3
459597,1,1,68,1,0,0,2,2,6,3
459603,1,1,79,0,7,2,2,2,6,0
459607,0,1,40,1,3,5,1,5,6,0
459608,1,0,62,1,1,,0,1,6,3
459612,0,0,21,0,5,,0,2,6,3
459616,1,0,20,0,5,,0,4,1,3
459617,0,0,28,1,3,1,0,5,6,2
459618,0,1,57,1,1,0,1,2,4,1
459621,1,0,25,0,5,8,0,,,0
459625,1,1,63,0,2,8,0,1,6,1
459626,1,1,26,0,3,1,0,3,6,3
459632,1,1,50,0,8,0,2,3,4,2
459644,1,0,30,0,8,9,0,4,2,3
459652,1,0,26,0,2,,0,4,4,1
459658,0,1,61,1,0,1,1,3,6,2
459664,0,0,42,1,0,3,0,1,6,0
459665,0,1,88,1,0,4,0,2,6,0
459672,0,1,45,0,0,3,1,3,6,0
459673,1,1,86,1,7,1,0,1,6,2
459678,0,0,18,0,5,1,0,5,6,0
459680,0,0,37,1,3,,0,1,6,1
459686,0,1,46,1,0,1,0,1,6,0
459691,0,1,58,0,0,,1,2,6,3
459692,1,1,72,1,7,8,2,2,6,0
459693,1,1,50,1,0,0,2,3,,2
459699,1,,56,1,2,8,1,3,6,0
459701,0,0,46,0,0,3,0,3,5,3
459710,0,1,57,1,0,,0,1,6,3
459711,0,1,42,0,4,9,2,6,6,3
459712,0,0,20,0,5,,0,4,6,3
459713,0,0,19,0,5,,0,3,6,2
459715,0,0,19,0,5,4,0,4,6,3
459718,0,1,68,1,4,1,0,1,6,1
459725,1,1,40,1,0,0,0,2,6,0
459727,0,1,82,0,7,,2,2,6,3
459740,1,0,23,0,5,1,0,3,6,3
459742,1,1,84,0,7,1,2,2,6,3
459745,0,1,51,0,0,0,0,4,1,2
459746,0,,59,1,0,1,1,2,6,1
459747,1,1,41,1,0,1,1,5,6,2
459748,0,1,51,0,4,1,2,2,6,1
459755,1,1,62,0,0,,1,3,6,2
459756,1,1,62,0,7,1,2,4,4,2
459760,1,1,38,1,0,8,0,1,6,0
459763,0,0,18,0,0,,0,4,4,3
459767,0,0,22,0,5,3,0,4,6,3
459771,1,,30,1,1,0,0,3,3,0
459779,1,1,62,1,3,1,0,1,6,1
459780,1,0,43,0,3,1,0,3,6,0
459785,1,0,32,1,2,,0,1,3,3
459793,0,1,37,1,0,1,2,,6,1
459795,0,0,48,1,0,1,0,1,6,1
459801,1,0,31,1,2,4,0,2,6,1
459804,0,1,46,0,0,4,2,4,6,2
459806,1,1,49,0,2,1,1,4,6,0
459808,0,1,43,0,1,,1,4,6,0
459815,0,0,42,1,0,8,0,1,6,0
459816,0,1,37,1,1,,0,2,6,0
459819,0,1,72,1,3,,2,2,6,2
459821,0,,71,0,4,,2,1,,0
459822,1,0,39,1,2,1,0,1,4,3
459825,0,0,20,0,5,0,0,5,2,3
459827,1,0,26,0,,,0,1,7,0
459832,0,1,72,1,4,1,0,1,6,3
459845,0,1,70,1,5,0,0,1,4,1
459851,0,0,45,1,0,2,0,1,6,2
459853,0,0,33,0,4,7,0,5,6,3
459856,0,1,50,0,3,0,1,3,6,2
459857,0,0,31,1,3,6,0,1,6,0
459861,1,1,74,0,7,1,2,2,6,1
459864,1,1,68,0,0,,2,2,6,0
459866,1,0,49,1,0,,0,1,6,3
459867,0,1,49,1,8,0,2,2,6,2
459869,1,0,18,0,5,1,0,3,6,0
459871,1,1,85,0,3,2,1,2,6,2
459885,1,0,38,1,3,,0,4,6,0
459886,0,1,28,0,0,0,0,4,6,0
459887,0,1,46,0,0,3,1,2,,3
459889,0,1,59,1,6,9,1,3,6,1
459897,1,1,56,1,0,0,0,2,6,1
459909,0,1,69,1,0,0,0,1,6,2
459910,0,1,66,1,0,0,0,2,6,2
459911,0,0,18,0,5,4,0,6,2,3
459914,0,0,36,1,0,4,0,1,4,0
459923,0,0,31,1,8,1,0,2,3,1
459925,0,1,67,0,4,1,2,2,4,3
459937,1,0,39,1,0,7,0,1,6,3
459943,0,0,42,1,3,4,0,3,6,2
459945,0,1,50,1,0,0,0,2,6,0
459946,1,1,37,1,0,0,1,2,6,3
459949,1,0,59,1,0,0,0,1,6,2
459953,0,1,50,1,0,8,0,2,6,3
459961,0,1,48,1,0,8,0,3,2,1
459962,0,1,55,1,0,9,0,1,6,1
459966,1,0,33,1,1,1,0,3,6,0
459968,0,0,38,1,0,13,0,1,7,0
459970,0,0,43,1,0,0,0,2,6,0
459973,1,0,53,1,0,0,0,2,6,0
459974,0,0,37,1,3,0,0,1,6,1
459975,1,0,36,1,0,5,0,1,6,0
459981,0,0,36,1,0,5,0,1,6,0
459986,0,1,62,1,0,1,0,1,6,3
459995,1,0,38,0,0,2,0,2,6,1
459996,0,0,55,1,3,1,0,1,6,1
459998,0,1,60,0,3,1,1,2,6,2
460004,1,1,36,1,3,7,1,2,5,0
460006,0,0,30,0,3,5,0,9,3,3
460014,1,0,66,0,3,4,0,3,6,0
460023,0,1,45,1,3,1,0,1,6,3
460027,1,0,40,1,3,6,0,,6,2
460033,1,,45,1,3,5,0,3,6,3
460036,0,1,41,1,,2,0,1,6,1
460040,1,1,62,1,6,4,0,1,5,0
460045,0,1,61,1,0,1,0,2,6,2
460046,1,1,50,1,0,4,0,2,6,3
460050,0,1,53,1,3,3,0,2,6,0
460051,0,0,39,1,0,7,0,1,6,0
460052,1,0,86,1,7,0,0,1,3,3
460058,0,1,50,1,0,1,0,1,4,1
460059,1,0,46,0,3,4,0,,4,0
460061,0,0,52,1,8,0,0,1,3,1
460066,1,0,45,0,8,0,0,1,6,1
460068,1,0,37,1,0,9,0,1,6,0
460073,1,1,36,1,2,3,0,1,6,1
460075,1,0,25,1,0,,0,1,6,3
460079,1,0,40,0,1,1,0,1,6,1
460081,0,1,41,1,0,11,2,2,6,0
460088,1,1,25,1,6,,2,2,6,1
460090,0,1,80,0,7,4,1,2,6,1
460093,1,0,46,1,0,3,0,1,3,0
460095,1,1,81,1,7,1,0,1,6,3
460097,0,,40,1,0,0,0,2,3,1
460099,0,0,49,1,,1,0,1,3,0
460101,1,0,26,1,5,8,0,3,3,3
460103,0,0,26,1,0,1,0,1,4,3
460105,1,0,47,1,0,0,0,1,4,0
460106,1,1,71,1,3,0,0,,6,0
460107,0,1,48,1,2,1,1,5,6,2
460108,0,1,39,1,0,1,1,3,2,1
460109,0,1,50,1,0,8,1,2,6,1
460110,1,0,46,1,0,1,0,2,,1
460112,0,1,26,1,2,8,1,2,3,3
460116,1,1,42,1,,1,0,2,6,3
460118,1,1,36,1,0,4,0,2,6,3
460119,0,0,29,1,5,1,0,4,6,3
460122,1,0,39,0,0,1,0,1,6,0
460124,1,0,41,1,0,0,0,3,6,1
460126,1,1,48,1,8,8,0,,6,2
460134,0,1,40,1,3,9,2,3,6,2
460135,1,0,25,1,5,4,0,3,6,0
460140,1,1,41,1,0,7,0,2,6,0
460141,0,0,37,1,0,11,0,1,6,0
460144,1,0,53,1,1,0,0,,3,0
460146,1,1,51,1,2,0,1,3,3,0
460147,0,1,73,1,3,1,1,3,6,3
460157,0,1,61,0,,1,0,5,4,3
460160,0,0,39,1,3,5,0,1,3,0
460162,1,0,19,0,5,0,0,4,2,3
460166,1,0,19,0,5,0,0,7,2,0
460167,1,0,23,0,3,1,0,5,2,3
460168,0,1,83,1,4,0,2,2,2,0
460171,1,1,62,1,0,1,2,2,6,2
460174,1,0,43,1,0,9,0,4,6,2
460175,1,0,27,0,0,0,0,5,2,0
460177,0,0,50,1,0,0,0,1,6,1
460179,1,0,23,0,3,0,0,6,2,3
460183,0,0,35,0,3,9,0,2,6,3
460185,0,0,32,0,5,9,0,3,6,3
460187,1,0,42,1,1,2,0,3,6,2
460189,0,0,33,0,3,13,0,1,6,0
460190,1,0,28,1,3,9,0,3,6,3
460192,0,1,35,1,,1,0,2,7,0
460196,1,0,35,1,5,9,0,2,6,3
460206,1,1,39,1,3,0,0,2,6,0
460211,0,1,28,,0,6,0,1,6,0
460212,0,1,35,1,3,11,0,6,6,0
460214,1,1,45,1,2,0,1,2,6,2
460222,1,,73,1,7,4,2,,6,0
460223,0,0,52,0,3,1,0,1,6,0
460227,0,0,28,0,5,0,0,3,6,0
460242,0,1,38,1,5,9,0,3,6,0
460243,1,0,42,1,3,8,0,1,6,2
460247,1,0,26,0,1,9,0,,6,1
460248,1,0,27,1,5,7,0,2,6,1
460252,0,1,41,1,0,0,0,2,6,1
460263,0,1,41,1,0,1,0,2,6,1
460265,0,1,47,1,4,0,2,4,6,3
460270,0,0,35,1,1,8,0,1,6,0
460272,1,0,88,1,7,0,0,1,6,1
460275,1,0,46,1,0,6,0,1,6,1
460276,1,1,41,1,0,3,0,2,6,0
460281,1,0,30,1,1,10,0,5,6,1
460283,0,1,43,1,1,12,0,2,6,0
460284,1,0,29,1,3,9,0,2,6,0
460287,0,1,48,1,0,1,0,1,6,1
460289,1,1,61,1,0,4,1,6,4,1
460298,1,0,51,1,7,2,0,1,6,1
460303,1,0,38,1,0,2,0,1,,0
460305,1,,49,1,3,0,2,1,6,0
460306,1,0,43,1,5,9,0,1,6,3
460310,0,0,27,0,5,14,0,4,6,0
460315,1,0,35,0,1,14,0,6,7,0
460319,1,1,39,0,1,4,1,2,7,1
460322,1,1,52,0,2,9,0,,6,1
460323,1,0,38,1,2,10,0,1,6,1
460324,1,0,30,1,3,12,0,2,6,3
460327,1,0,43,1,0,10,0,1,6,3
460333,1,0,42,0,3,10,0,4,6,3
460336,1,0,46,1,0,2,0,1,7,1
460340,1,0,47,1,0,11,0,2,6,1
460341,1,0,32,0,3,13,0,5,7,1
460344,1,1,53,1,0,11,1,2,6,3
460346,1,1,43,1,0,12,1,,6,0
460348,1,0,39,1,0,0,0,2,6,0
460349,0,,42,1,0,3,1,2,6,0
460354,1,0,37,1,0,3,0,1,3,1
460356,0,0,19,0,5,0,0,4,6,3
460358,0,0,30,0,8,1,0,1,3,3
460361,1,1,49,1,0,0,0,1,4,0
460362,0,1,55,1,5,0,0,3,4,1
460365,1,1,59,1,1,1,0,2,4,2
460369,1,1,46,1,0,,0,2,6,2
460370,1,1,27,1,4,9,2,2,6,1
460371,1,0,25,1,0,1,0,2,6,1
460378,1,0,37,1,1,1,0,1,6,1
460379,0,0,38,1,0,9,0,3,6,0
460380,0,0,29,1,3,9,0,3,6,3
460381,0,0,28,1,0,11,0,2,6,0
460384,1,1,27,1,8,8,0,2,6,3
460387,1,0,42,0,3,3,0,2,6,3
460388,1,0,43,1,0,14,0,2,6,1
460389,1,1,40,1,5,8,1,2,6,0
460390,0,0,41,1,0,9,0,3,6,1
460392,0,1,46,0,3,8,0,1,1,1
460394,1,0,32,1,5,9,0,3,6,3
460397,1,0,56,1,3,1,0,1,6,2
460399,0,0,28,1,8,12,0,1,6,0
460401,1,0,25,1,0,0,0,3,7,0
460404,0,1,42,1,0,6,0,7,6,2
460405,1,0,41,1,3,5,0,2,6,2
460406,0,1,36,1,5,3,0,2,6,2
460408,1,0,42,1,0,2,0,1,6,0
460409,1,0,42,1,0,8,0,4,6,2
460415,1,0,55,1,3,1,0,2,6,1
460422,0,1,52,1,3,1,2,,6,3
460431,1,0,47,1,2,1,0,1,6,0
460434,0,,57,1,0,2,2,3,6,1
460437,1,0,26,1,0,8,0,1,6,3
460440,1,0,28,0,0,5,0,2,6,1
460443,1,0,37,1,1,0,0,1,6,3
460447,0,,89,0,7,0,0,1,3,3
460449,0,0,25,0,8,2,0,1,3,3
460450,0,1,50,1,4,1,2,4,4,2
460453,1,0,42,1,1,5,0,1,6,1
460454,0,0,48,1,0,,0,1,6,2
460457,1,0,37,1,3,9,0,,3,3
460459,1,0,30,0,2,1,0,5,3,3
460460,0,1,26,0,3,2,0,4,3,0
460467,1,1,47,1,0,,1,2,6,1
460470,0,0,36,0,5,,0,4,4,3
460476,0,1,53,0,1,,1,4,3,0
460477,0,0,30,0,3,1,0,6,3,0
460484,1,0,20,0,5,4,0,7,3,3
460485,1,0,19,0,8,8,0,5,3,3
460489,0,0,19,0,5,9,0,6,3,3
460492,1,0,37,0,8,12,0,,3,3
460495,0,0,20,0,5,0,0,6,3,3
460504,0,,39,0,4,,1,3,3,0
460505,1,0,26,1,2,1,0,3,3,3
460507,0,0,31,0,1,0,0,4,3,0
460508,0,1,31,1,5,2,2,3,3,0
460518,1,1,41,1,2,9,1,3,3,0
460522,1,1,32,0,6,,1,2,4,3
460541,1,1,42,1,6,0,1,3,3,3
460542,1,1,89,0,7,1,0,,3,1
460545,0,1,78,0,7,1,2,3,3,1
460546,1,1,65,1,7,1,0,2,3,3
460547,1,1,48,1,6,0,1,,3,0
460549,0,0,36,1,0,8,0,2,3,2
460550,1,1,55,1,0,0,1,4,3,2
460551,0,1,52,1,2,0,1,2,3,1
460555,0,1,52,1,6,7,1,3,3,3
460556,1,1,41,1,,1,0,1,3,3
460558,1,1,36,1,2,,0,1,3,3
460561,1,0,37,0,2,7,0,1,3,2
460563,1,0,40,0,5,1,0,2,1,0
460566,0,1,38,1,6,,1,2,3,1
460571,0,0,25,0,1,0,0,3,3,1
460572,1,0,33,1,2,1,0,4,3,0
460574,0,0,26,1,0,1,0,1,3,2
460582,1,0,28,0,3,0,0,1,3,3
460583,0,0,18,0,8,0,0,6,3,1
460585,0,0,52,0,3,0,0,3,3,0
460586,0,0,26,1,5,0,0,2,3,3
460588,0,0,18,0,5,0,0,4,3,3
460597,1,0,20,0,8,1,0,2,3,3
460598,1,1,36,1,1,0,1,3,3,1
460605,0,1,27,1,1,8,1,2,4,0
460606,0,0,21,0,5,,0,5,7,3
460612,0,0,27,1,3,8,0,4,3,3
460615,1,0,28,1,5,,0,,3,3
460618,0,1,63,1,7,,0,4,3,0
460619,0,0,48,1,3,,0,,3,0
460621,0,1,80,1,7,1,0,2,3,3
460622,1,1,71,1,7,7,2,3,3,2
460626,0,1,47,0,1,8,2,4,6,3
460627,1,0,22,0,,1,0,4,3,1
460633,0,1,35,1,,,2,2,3,2
460634,1,0,40,0,3,,0,6,3,0
460637,1,0,18,0,5,,0,,3,0
460638,1,0,26,1,0,0,0,4,3,3
460639,1,1,73,1,7,,0,5,1,0
460640,0,1,86,,7,,0,1,3,2
460645,1,0,37,0,1,1,0,2,3,1
460646,0,1,59,1,3,,0,,3,0
460653,1,0,28,0,6,8,0,1,4,1
460656,1,1,29,1,0,9,0,3,6,0
460658,1,1,37,1,8,7,1,3,6,3
460659,1,1,46,1,8,,1,3,6,0
460660,0,0,39,,3,6,0,1,6,1
460661,1,0,33,0,6,8,0,1,6,3
460668,1,0,32,1,1,,0,2,3,3
460678,1,0,32,0,1,6,0,2,3,0
460686,1,,25,0,6,8,0,1,3,3
460687,1,1,48,1,6,9,1,2,3,2
460691,1,0,27,0,6,8,0,1,3,1
460702,1,0,49,1,0,1,0,1,6,0
460703,1,1,33,1,2,8,1,5,4,0
460706,1,0,33,0,2,7,0,6,4,2
460708,0,1,39,1,0,0,0,3,6,0
460716,0,1,50,1,3,0,1,4,6,1
460719,1,1,84,1,7,0,0,,3,0
460720,1,1,46,1,0,0,1,2,6,1
460722,0,1,31,0,3,0,1,3,3,0
460726,0,1,57,1,0,3,1,2,6,1
460727,0,1,73,0,4,1,2,4,3,1
460729,0,1,36,1,3,9,0,4,6,0
460733,0,0,53,1,8,2,0,4,6,2
460734,0,1,41,1,3,9,1,,2,1
460738,1,0,53,0,2,0,0,,7,1
460740,0,1,35,1,0,2,1,3,6,2
460743,0,1,62,1,0,0,1,3,6,2
460746,0,0,23,0,8,0,0,3,6,0
460763,0,0,51,1,0,1,0,2,6,2
460769,1,1,83,0,7,1,2,2,6,0
460780,1,0,26,1,5,0,0,2,3,1
460783,0,1,86,1,7,1,0,1,6,2
460785,0,0,26,1,5,0,0,4,7,3
460789,0,1,42,1,4,0,0,3,6,3
460794,1,1,41,1,6,9,0,1,6,0
460796,0,1,67,0,7,0,0,3,6,1
460802,0,1,68,1,7,1,2,2,6,0
460811,1,1,45,0,2,0,2,2,6,0
460813,1,1,86,0,7,0,2,2,6,0
460815,0,1,62,1,0,0,2,2,3,0
460822,0,1,42,1,0,1,0,2,6,0
460825,0,0,26,1,1,0,0,3,4,2
460828,0,0,48,0,3,1,0,1,6,2
460830,0,1,40,0,3,3,1,5,2,1
460831,0,0,20,0,5,0,0,4,6,2
460837,1,0,25,1,0,1,0,1,5,3
460838,0,0,37,1,0,1,0,,6,3
460840,0,1,77,1,7,1,0,1,6,3
460844,0,1,50,1,5,,0,2,6,3
460846,1,0,22,0,8,0,0,4,6,3
460847,0,0,26,1,0,1,0,3,6,0
460851,0,1,71,0,1,0,1,3,6,3
460855,0,1,50,1,0,,0,2,6,0
460857,0,0,29,0,3,1,0,1,4,3
460859,0,1,51,1,3,,0,4,6,0
460860,0,1,52,1,0,6,1,4,6,2
460861,0,0,20,0,5,1,0,3,3,0
460866,0,0,26,1,1,0,0,9,4,1
460870,0,0,37,1,5,,0,,4,2
460871,1,0,33,1,5,,0,,6,1
460872,1,1,39,1,0,0,0,2,4,1
460877,1,1,53,0,0,1,1,5,6,1
460878,0,1,49,0,3,0,1,4,6,3
460882,0,0,21,0,5,0,0,2,3,3
460888,0,1,39,0,6,8,0,1,6,1
460891,1,1,38,0,0,2,1,4,3,1
460897,0,0,22,0,5,4,0,4,6,1
460898,0,1,52,0,0,2,1,4,6,3
460899,0,0,40,1,3,,0,3,6,2
460901,0,0,20,0,1,8,0,3,6,0
460902,0,0,41,1,4,1,0,3,6,3
460905,0,0,30,1,0,1,0,1,3,0
460906,1,1,89,1,7,1,2,3,6,3
460907,0,1,83,0,7,1,2,3,6,0
460923,0,1,53,1,0,0,1,3,6,0
460924,0,0,31,0,1,1,0,5,2,3
460928,0,1,48,1,0,1,1,4,6,2
460934,1,0,29,0,1,0,0,2,6,0
460935,0,1,87,1,7,0,0,1,6,3
460945,0,0,19,0,2,4,0,7,6,0
460953,0,1,60,0,3,1,0,2,6,1
460961,0,0,23,0,5,1,0,2,3,3
460962,0,1,61,1,4,9,2,4,6,3
460963,1,0,27,1,0,1,0,3,6,0
460968,0,1,32,0,1,14,1,2,3,3
460975,0,1,79,,7,0,2,2,6,2
460976,0,0,19,0,5,1,0,4,6,3
460977,0,1,42,1,4,0,2,3,4,2
460979,0,1,76,0,7,1,0,1,6,3
460981,1,1,41,0,8,1,1,2,6,3
460984,0,1,38,1,3,0,1,4,6,3
460988,0,1,43,1,3,0,1,3,4,1
460989,0,0,19,0,5,1,0,3,1,3
460991,1,0,28,1,5,1,0,3,7,1
460993,0,1,56,1,0,0,1,4,6,2
460999,0,0,28,1,2,0,0,3,3,2
461000,0,1,60,0,8,1,2,2,3,0
461001,1,0,55,1,0,0,0,,3,1
461015,0,1,35,1,3,1,1,2,3,3
461016,0,0,25,0,5,5,0,5,3,0
461022,0,1,71,1,0,1,0,1,3,3
461023,0,1,65,0,7,,2,2,3,3
461024,0,1,74,1,7,1,0,1,6,1
461028,1,0,20,0,5,5,0,4,4,3
461029,0,1,43,0,3,9,0,2,4,1
461034,1,0,20,0,8,3,0,6,3,3
461037,0,1,40,1,5,,2,5,3,2
461038,1,1,46,1,2,0,2,5,3,2
461041,1,1,65,0,7,1,2,7,3,0
461042,0,0,21,0,5,0,0,,4,3
461043,0,1,50,0,5,1,0,7,4,1
461044,0,0,18,0,5,0,0,5,4,3
461049,1,1,61,1,1,1,0,7,7,0
461050,0,1,49,1,,1,2,3,6,2
461053,0,1,39,0,4,,2,4,3,3
461059,1,1,52,0,7,1,2,2,6,1
461060,0,1,56,1,4,0,2,5,6,2
461065,0,1,55,1,4,,0,6,3,2
461071,0,1,42,0,2,1,1,5,3,0
461078,1,0,33,0,6,0,0,6,3,3
461082,0,0,19,0,5,8,0,4,1,0
461085,1,0,27,0,2,1,0,1,3,3
461093,1,1,38,1,0,1,1,4,3,2
461099,1,0,38,0,0,1,0,4,3,3
461111,1,1,43,1,1,8,0,1,6,1
461114,0,1,53,1,0,1,1,4,3,0
461116,0,1,33,0,4,4,2,4,3,1
461118,1,0,30,1,5,7,0,,3,0
461119,1,0,22,0,5,6,0,3,3,2
461121,0,0,33,0,1,0,0,4,3,1
461124,0,0,21,0,5,1,0,8,4,3
461127,0,0,20,0,5,1,0,5,4,3
461128,0,0,19,0,5,7,0,3,6,2
461129,1,1,58,1,3,1,1,4,6,2
461131,0,1,67,1,0,1,2,,6,1
461145,1,1,36,1,3,1,0,2,3,0
461152,1,0,30,0,6,8,0,,3,0
461154,0,0,23,0,6,1,0,4,3,0
461158,1,0,42,1,3,1,0,,3,3
461162,1,0,37,0,8,8,0,3,3,0
461163,1,1,58,0,3,9,0,4,3,2
461168,1,1,26,0,2,7,1,2,3,1
461169,0,0,39,1,3,9,0,2,3,1
461174,1,0,23,0,8,,0,4,3,0
461177,0,1,41,0,4,8,1,4,1,0
461178,0,1,26,0,3,0,0,3,3,3
461179,1,1,25,0,2,3,0,3,3,3
461181,0,0,19,0,5,,0,4,3,3
461183,0,0,36,0,4,0,0,5,3,0
461187,0,0,29,0,5,9,0,4,3,0
461197,0,0,26,0,8,1,0,1,3,0
461198,1,0,78,1,7,,0,1,6,2
461201,1,0,55,1,0,,0,1,6,0
461205,0,0,26,1,5,,0,3,2,3
461211,1,0,46,1,3,0,0,1,6,2
461214,0,0,29,0,5,0,0,4,6,3
461215,1,0,36,1,0,10,0,1,6,1
461218,0,1,27,0,4,1,0,6,6,3
461220,1,0,29,0,4,8,0,3,6,2
461221,1,0,25,0,8,1,0,4,6,1
461225,1,0,30,0,8,10,0,6,6,0
461226,0,1,45,1,,1,0,2,6,0
461230,1,0,21,0,4,0,0,,3,0
461232,1,1,41,1,4,,2,,3,0
461233,0,1,38,1,3,,0,,3,2
461236,1,0,28,1,5,9,0,1,6,0
461237,0,0,33,1,1,1,0,5,2,0
461241,0,1,31,1,5,7,0,2,6,0
461242,0,1,45,1,5,0,0,2,6,0
461243,0,1,47,1,8,0,0,5,6,0
461248,1,0,39,0,5,0,0,1,6,1
461251,1,0,47,1,8,1,0,,6,2
461252,1,1,53,1,1,0,0,1,3,3
461256,0,0,27,0,1,1,0,4,4,1
461257,0,1,37,1,2,1,1,2,4,3
461258,1,1,62,1,0,1,1,3,4,1
461262,1,0,29,0,2,0,0,7,4,2
461263,1,1,51,1,0,0,0,1,4,1
461265,0,0,30,0,8,1,0,6,4,1
461269,0,0,18,0,3,0,0,4,4,1
461274,1,1,87,1,7,,2,2,6,2
461276,0,1,68,1,8,0,0,2,7,1
461277,0,1,84,1,7,5,0,1,6,3
461281,0,0,22,0,5,2,0,9,2,3
461286,1,0,22,0,1,2,0,4,6,3
461289,0,0,21,0,5,1,0,3,6,3
461292,1,1,89,0,7,,2,2,3,2
461297,0,1,73,0,7,0,2,2,6,1
461299,1,1,75,1,7,0,2,2,6,2
461303,1,0,20,0,1,6,0,4,2,0
461308,0,0,22,0,5,1,0,2,6,3
461309,1,0,22,0,5,0,0,4,6,3
461313,0,1,63,1,0,0,1,,6,1
461314,0,1,46,1,0,1,1,3,6,3
461319,0,1,58,0,0,0,1,2,6,1
461320,1,0,41,1,0,1,0,3,6,1
461322,0,1,42,1,0,0,1,2,6,0
461323,1,1,43,1,5,6,1,2,6,1
461324,1,0,49,1,0,3,0,1,6,3
461326,1,0,40,1,0,0,0,1,6,0
461335,0,1,53,0,4,8,2,2,6,3
461340,0,1,36,1,0,4,1,2,7,1
461346,0,1,50,1,0,8,0,2,6,3
461348,0,1,42,1,5,1,0,1,6,3
461350,0,0,30,0,5,0,0,4,2,3
461352,0,0,29,0,5,2,0,5,2,3
461356,0,0,28,1,3,1,0,2,6,1
461357,0,0,27,1,5,1,0,4,6,3
461363,0,0,49,1,0,0,0,1,6,0
461366,0,0,32,1,5,1,0,1,6,3
461370,0,0,25,1,1,1,0,3,6,0
461377,1,1,63,1,0,,0,1,6,1
461378,1,0,42,1,0,8,0,1,6,1
461379,0,0,31,1,5,1,0,,5,1
461383,0,1,71,1,0,0,2,2,6,0
461388,0,0,20,0,5,,0,5,2,1
461397,0,0,22,0,5,1,0,4,6,3
461402,1,0,29,1,3,1,0,5,6,0
461408,0,1,47,1,8,0,0,3,6,0
461421,0,1,43,1,0,,1,3,6,1
461423,0,0,32,1,0,1,0,3,4,3
461426,0,1,47,1,0,7,1,2,6,0
461428,0,0,46,1,0,0,0,1,6,1
461432,1,1,41,1,0,1,1,2,6,3
461437,0,1,37,1,3,0,1,2,6,1
461439,0,1,40,1,0,0,1,2,6,0
461441,0,1,60,1,0,0,1,4,6,0
461442,0,1,46,1,0,0,1,6,2,3
461454,1,1,36,1,0,6,2,4,7,1
461456,1,0,38,0,8,0,0,1,6,1
461457,1,1,32,0,1,0,0,5,6,0
461458,1,0,41,1,0,5,0,1,6,3
461462,0,1,56,1,8,0,0,3,6,0
461465,0,1,31,1,0,8,1,2,6,3
461466,0,1,45,0,0,0,0,2,7,0
461468,0,1,69,1,3,,1,3,6,2
461469,0,1,37,1,0,0,0,2,6,0
461476,0,1,47,1,0,1,1,4,2,3
461479,1,1,52,1,0,1,1,3,6,2
461480,1,1,57,1,0,1,2,3,6,0
461482,1,0,50,1,0,9,0,1,6,0
461494,0,1,27,0,2,0,1,2,6,3
461501,1,1,45,1,2,1,2,3,6,1
461503,1,0,30,1,0,8,0,2,6,3
461510,0,1,45,1,0,0,0,2,6,1
461514,0,0,30,0,5,1,0,4,6,2
461516,0,1,31,1,3,1,1,3,6,0
461518,1,1,45,1,0,1,1,4,3,2
461521,0,1,67,1,0,0,2,2,6,1
461522,0,1,76,0,4,1,2,2,6,0
461525,0,1,69,1,3,0,0,2,6,3
461526,0,1,83,0,3,0,0,2,6,0
461530,0,1,38,1,2,0,0,2,6,3
461534,0,1,36,1,0,0,0,1,6,0
461540,0,0,41,1,,2,0,2,2,0
461546,1,1,69,0,7,0,0,3,6,2
461548,1,0,33,1,2,0,0,3,6,0
461553,0,0,38,1,0,1,0,3,7,2
461556,1,1,48,1,2,1,1,2,6,1
461558,0,1,51,1,2,2,1,2,6,2
461564,0,1,56,1,4,1,2,2,6,0
461570,0,1,57,1,0,0,1,3,6,3
461574,1,1,49,1,0,1,1,3,6,1
461587,0,0,30,1,5,0,0,3,6,3
461593,1,1,40,1,1,8,1,2,6,1
461602,1,0,30,1,0,0,0,,6,3
461604,0,1,38,0,3,0,1,2,6,3
461612,1,0,31,1,5,8,0,5,6,3
461615,0,0,33,1,1,0,0,2,6,2
461617,0,0,50,1,0,0,0,2,6,0
461619,0,1,52,1,4,,2,3,6,2
461624,1,1,39,1,0,0,1,,2,3
461626,0,1,73,1,4,0,2,2,6,2
461630,0,1,46,1,0,0,1,3,6,2
461637,0,1,50,1,0,0,0,2,7,2
461644,0,0,30,0,5,0,0,6,6,3
461653,1,1,60,1,1,0,1,2,6,3
461655,1,1,39,1,6,9,1,2,6,3
461658,1,1,59,1,0,1,1,2,5,1
461659,1,1,51,1,0,0,1,2,6,2
461661,1,1,40,1,0,5,1,2,2,1
461663,0,0,23,0,5,1,0,3,6,3
461668,0,1,53,1,0,4,1,4,2,2
461671,0,0,32,0,5,7,0,5,6,0
461674,0,1,52,1,4,0,2,4,6,1
461676,1,0,31,1,2,0,0,1,6,3
461679,0,0,30,1,5,3,0,4,6,0
461681,0,0,25,1,5,8,0,3,7,3
461683,0,1,40,1,4,1,2,4,6,0
461685,1,0,27,1,5,4,0,4,6,0
461686,0,1,61,1,0,0,0,2,6,0
461690,1,0,33,1,2,1,0,1,4,0
461694,0,0,28,1,1,1,0,4,4,0
461695,1,1,48,1,0,2,1,2,6,2
461698,1,1,73,1,0,0,2,2,6,1
461701,0,1,36,0,0,0,1,2,5,3
461705,1,0,32,0,5,0,0,4,6,0
461708,0,1,82,0,7,0,2,2,6,0
461709,0,0,28,1,0,1,0,3,4,3
461711,1,0,42,1,0,8,0,3,2,3
461716,1,1,60,1,7,6,2,9,6,1
461720,1,0,46,1,0,1,0,1,4,0
461722,0,0,31,0,1,0,0,3,6,2
461724,1,1,50,1,0,1,0,1,7,2
461725,1,0,30,1,2,3,0,1,4,0
461727,1,0,49,1,0,1,0,3,6,3
461737,1,1,51,1,1,0,1,6,4,2
461738,1,1,46,1,,,1,3,6,0
461744,0,1,53,1,0,0,1,4,6,1
461747,0,1,65,1,0,0,2,2,6,0
461749,1,0,22,0,5,0,0,5,6,3
461752,0,1,65,1,1,1,1,3,6,2
461756,1,1,39,1,2,0,1,2,4,0
461760,0,1,84,1,0,0,2,2,6,3
461769,0,0,37,1,0,0,0,1,6,2
461771,0,1,28,1,1,8,1,2,6,3
461775,1,1,82,0,7,0,2,2,6,0
461778,1,1,87,1,7,0,2,2,6,0
461780,1,0,69,1,7,1,0,5,6,3
461782,1,1,51,1,0,,2,5,6,1
461784,1,1,74,1,7,1,0,1,6,1
461788,1,1,79,1,7,1,2,2,6,0
461791,1,0,21,0,7,9,0,1,6,3
461792,1,0,20,0,5,5,0,5,2,3
461800,1,0,43,1,1,3,0,1,2,0
461801,1,0,25,0,5,1,0,3,6,0
461802,0,0,43,1,0,0,0,4,6,1
461804,1,0,42,1,0,1,0,1,6,3
461807,0,0,25,1,1,10,0,4,6,0
461815,0,1,59,1,0,0,0,1,3,0
461816,1,0,49,1,8,0,0,5,6,3
461821,1,0,32,0,1,1,0,4,6,0
461822,0,1,36,1,0,8,2,2,6,0
461824,0,1,45,1,8,9,0,3,6,0
461832,0,0,29,1,5,,0,3,6,0
461837,0,1,37,1,0,0,0,2,6,2
461845,1,1,48,1,1,1,1,4,6,3
461846,1,0,65,1,0,0,0,2,2,2
461848,0,0,39,0,8,1,0,2,6,0
461858,0,0,25,0,3,1,0,7,4,0
461859,1,1,49,0,0,5,0,5,6,3
461860,1,1,77,1,7,1,2,2,6,3
461862,1,0,38,1,0,9,0,1,6,0
461864,0,0,19,1,8,0,0,6,4,3
461872,1,1,76,1,7,1,2,2,6,0
461873,0,0,28,1,1,0,0,4,6,0
461874,0,1,51,1,1,1,1,3,3,1
461882,1,0,28,1,1,0,0,5,7,3
461892,1,0,42,1,5,0,0,1,2,0
461896,0,1,45,1,0,1,0,1,6,0
461898,0,1,63,1,4,6,2,3,6,3
461899,1,0,18,0,1,0,0,6,6,0
461901,0,0,26,1,0,7,0,4,6,3
461910,0,1,31,1,0,,1,2,2,3
461913,0,0,43,1,3,5,0,4,2,1
461914,1,1,60,1,0,7,0,,6,0
461921,1,0,36,1,0,0,0,1,6,0
461927,0,0,32,0,5,1,0,4,2,0
461928,0,1,68,1,7,,0,1,,0
461929,0,1,60,1,3,1,0,1,6,2
461930,1,0,42,1,0,0,0,1,4,1
461931,1,0,18,0,5,6,0,5,,3
461936,0,1,69,0,7,0,2,2,6,3
461937,1,0,42,1,1,0,0,,6,1
461941,1,1,70,1,0,1,0,1,6,2
461943,0,0,25,1,5,1,0,3,6,2
461962,0,1,56,1,3,1,1,3,6,0
461963,1,0,40,1,0,9,0,1,6,3
461965,0,0,23,0,5,1,0,6,6,1
461967,1,0,20,0,8,3,0,4,7,3
461968,1,0,39,1,3,2,0,1,6,3
461978,1,0,19,0,5,0,0,4,6,3
461985,0,0,28,1,3,,0,,5,3
461988,0,1,40,0,2,1,1,2,6,2
461989,1,,60,1,2,1,1,4,2,1
461993,0,0,33,0,5,3,0,4,6,3
461994,0,1,20,0,1,14,0,2,6,1
461996,1,0,35,0,0,7,0,4,6,0
461999,0,0,27,1,1,0,0,5,6,1
462007,1,1,42,1,0,1,1,2,6,3
462011,0,1,30,0,8,0,0,4,4,2
462013,1,1,56,1,4,0,1,2,6,2
462015,0,1,28,1,3,0,1,2,6,3
462016,1,1,38,1,0,6,1,2,6,0
462017,0,0,26,1,3,9,0,1,2,0
462027,0,0,36,0,2,0,0,1,6,1
462029,0,0,56,0,3,0,0,1,6,0
462033,0,0,26,1,3,0,0,1,6,3
462038,0,0,28,1,0,4,0,4,6,2
462043,0,0,32,0,5,0,0,5,6,3
462044,1,0,52,1,0,4,0,1,6,1
462048,1,0,23,0,5,0,0,4,6,3
462051,0,0,23,0,5,,0,5,4,3
462052,0,1,50,1,0,0,0,2,6,2
462053,0,1,26,1,0,,0,2,6,3
462058,0,1,40,1,3,8,0,2,6,0
462060,1,1,53,1,0,1,1,2,6,2
462064,0,1,63,1,0,0,1,3,7,3
462068,0,1,62,1,4,0,2,3,6,1
462075,1,0,38,1,0,1,0,1,6,2
462078,1,1,57,0,0,1,1,2,2,1
462080,1,0,43,1,0,9,0,1,6,0
462081,0,0,21,0,8,1,0,3,4,1
462083,0,0,22,0,5,0,0,5,6,0
462084,0,1,68,1,0,1,0,1,6,2
462085,1,0,28,1,5,0,0,1,6,3
462088,0,1,33,1,0,0,1,2,6,0
462090,1,0,38,1,0,8,0,1,6,2
462091,0,0,23,0,5,0,0,5,4,3
462094,1,0,41,1,5,,0,1,6,0
462096,1,0,41,1,6,,0,1,4,2
462102,1,0,39,1,1,4,0,1,6,0
462103,1,1,49,0,3,9,2,2,6,0
462108,1,1,33,1,6,,1,2,6,3
462109,0,1,79,0,7,0,0,1,6,3
462111,0,1,38,1,0,6,1,4,6,0
462114,0,0,21,0,5,1,0,4,6,3
462116,1,1,68,1,1,0,1,2,6,1
462118,0,0,31,1,0,0,0,3,6,1
462120,0,1,46,0,0,1,0,3,3,2
462128,0,1,35,1,0,9,1,2,6,3
462131,1,0,42,1,0,8,0,3,2,2
462134,0,1,87,0,7,0,0,1,,0
462141,1,0,38,1,0,8,0,1,6,0
462149,1,1,88,0,7,2,2,1,6,2
462151,1,0,42,1,0,9,0,1,6,2
462163,1,1,26,1,0,4,1,2,3,3
462168,0,1,35,1,4,0,2,3,6,0
462171,1,1,41,0,2,3,2,2,6,2
462172,0,1,37,1,1,1,1,2,1,3
462174,1,1,41,1,2,8,1,4,4,1
462177,0,0,35,,0,6,0,5,2,1
462179,1,0,33,1,8,0,0,9,7,2
462180,1,1,61,1,2,2,1,4,2,0
462186,1,0,19,0,1,1,0,3,1,0
462187,1,0,50,1,0,4,0,1,6,1
462188,1,1,48,0,2,0,1,4,4,2
462196,0,1,57,0,8,1,1,3,4,1
462197,1,1,72,0,2,1,1,3,4,0
462198,1,0,39,0,2,4,0,,3,1
462200,1,1,49,1,1,0,0,3,4,0
462202,1,0,41,1,3,0,0,4,4,0
462203,0,1,65,0,4,2,2,7,4,0
462204,1,0,22,0,8,0,0,3,4,3
462205,1,0,23,0,5,0,0,4,4,2
462209,1,1,41,0,0,0,0,1,4,1
462210,1,1,42,1,2,0,0,3,4,0
462211,0,0,18,0,5,0,0,3,4,3
462214,0,1,49,0,1,1,0,2,4,0
462216,1,1,40,0,1,0,0,2,4,0
462218,0,1,50,0,4,1,1,5,4,3
462220,1,0,19,0,5,6,0,3,4,3
462222,0,0,22,0,5,0,0,6,4,3
462229,0,0,23,0,,1,0,8,4,1
462231,0,0,27,1,0,4,0,6,4,0
462232,0,1,55,0,4,0,2,8,4,1
462234,0,1,32,0,,1,1,6,4,1
462238,0,1,57,0,3,,0,2,3,1
462240,0,1,80,0,7,0,2,2,6,0
462243,0,1,43,0,4,0,0,4,6,1
462246,1,1,79,0,7,1,2,2,6,0
462249,0,0,25,0,3,1,0,3,6,0
462256,1,1,58,1,6,0,1,4,6,1
462257,1,1,78,1,7,,2,2,6,0
462260,0,1,76,1,7,1,0,2,6,3
462262,0,0,27,0,5,1,0,3,,3
462274,0,1,47,1,0,1,1,3,6,3
462275,0,1,43,1,0,1,1,2,6,2
462278,0,0,31,1,5,1,0,4,6,0
462279,0,0,27,0,5,0,0,7,6,1
462280,0,0,31,1,5,0,0,4,6,0
462281,0,1,46,1,0,1,0,2,6,3
462284,0,1,48,1,4,1,1,4,6,2
462285,0,1,51,1,1,,0,2,,2
462286,0,1,57,0,1,0,1,2,6,2
462290,1,0,30,1,1,0,0,1,6,1
462291,1,0,37,1,8,,0,3,6,1
462297,1,0,31,1,0,14,0,2,6,3
462300,0,1,49,1,0,1,1,3,6,3
462304,0,1,56,1,0,1,0,4,4,2
462306,0,1,83,0,7,8,2,2,6,1
462309,0,0,32,1,5,,0,1,6,1
462310,0,1,63,1,0,5,1,4,6,0
462323,1,1,71,1,1,1,1,2,6,0
462336,0,1,50,0,0,0,0,4,6,1
462339,0,0,31,1,0,4,0,5,6,0
462340,0,1,60,0,3,0,1,6,6,0
462342,1,1,71,1,7,8,2,2,6,3
462345,0,1,49,1,1,0,1,6,4,1
462346,0,1,74,1,7,9,0,1,6,2
462349,0,1,51,1,0,1,1,6,6,0
462355,0,1,61,0,3,0,0,,6,3
462356,0,0,46,1,2,0,0,3,6,1
462358,0,1,39,0,1,2,1,2,6,1
462365,0,1,85,1,7,1,2,2,6,2
462368,1,1,31,1,0,1,1,2,6,0
462370,0,1,39,1,4,4,2,3,6,1
462381,1,1,48,0,1,1,2,2,6,2
462382,0,1,71,1,7,0,2,2,6,1
462384,1,0,31,1,5,,0,1,7,0
462386,1,0,32,1,5,0,0,5,6,0
462389,1,1,55,0,2,0,0,1,6,3
462395,0,1,46,1,0,0,2,2,6,2
462396,0,1,53,1,1,,1,2,6,1
462397,0,1,50,1,0,0,1,4,6,2
462400,0,0,45,1,0,1,0,1,6,3
462401,0,1,33,0,4,1,1,2,4,2
462409,1,1,29,0,2,5,0,2,6,3
462411,0,0,35,1,0,8,0,1,6,1
462415,0,0,25,0,1,1,0,1,6,3
462420,0,0,26,1,5,0,0,3,6,3
462421,0,0,48,1,0,1,0,2,6,2
462423,0,1,66,0,7,0,2,3,6,0
462424,1,1,38,0,0,0,0,3,6,2
462428,0,1,65,1,3,2,1,3,6,2
462429,0,1,87,0,7,1,0,1,6,3
462445,0,0,20,0,5,1,0,3,6,3
462446,0,0,19,0,5,0,0,4,6,3
462447,0,0,22,0,5,9,0,4,6,3
462450,0,0,18,0,5,0,0,,6,3
462451,0,0,18,0,8,1,0,9,6,3
462452,0,0,19,0,5,0,0,,4,0
462454,0,0,19,0,5,1,0,3,2,3
462456,0,0,22,0,5,0,0,8,6,0
462457,0,0,31,0,5,4,0,4,6,3
462463,0,1,63,0,0,0,1,2,6,0
462472,0,0,43,1,0,1,0,1,6,2
462473,0,0,73,0,2,0,0,,4,0
462485,1,1,39,0,2,0,0,2,6,0
462488,0,0,31,1,5,1,0,5,6,0
462491,0,0,31,1,0,0,0,5,6,3
462492,0,1,43,0,0,0,1,4,2,0
462496,0,1,52,0,0,0,1,3,6,0
462498,1,1,63,1,1,0,1,3,6,2
462503,0,1,51,1,4,1,2,4,6,2
462508,0,1,35,1,5,1,0,7,4,1
462512,1,1,32,0,3,,1,2,4,1
462517,1,1,39,1,6,9,2,4,6,2
462518,1,0,25,0,5,1,0,6,5,3
462519,0,0,20,0,5,0,0,5,4,3
462521,1,0,33,0,6,9,0,1,6,3
462522,0,1,36,0,4,0,1,5,4,0
462524,1,1,35,1,1,,0,2,6,1
462525,1,1,42,1,0,1,1,2,6,3
462526,1,1,52,1,0,2,1,5,6,2
462529,1,1,42,1,2,1,0,2,6,2
462531,1,1,57,0,6,,2,2,6,0
462533,1,0,30,1,3,1,0,3,6,0
462538,1,1,73,1,7,1,2,2,6,2
462541,0,1,66,1,2,3,2,2,6,3
462542,1,1,62,1,0,9,1,5,2,1
462543,1,1,36,1,0,4,0,1,3,2
462545,0,0,33,0,2,0,0,3,4,1
462554,0,0,28,0,5,0,0,8,4,0
462561,1,1,48,1,0,3,1,2,6,2
462563,1,1,53,1,0,1,1,2,6,3
462566,1,1,27,0,1,1,0,,3,3
462577,1,1,71,0,8,0,2,2,4,1
462578,0,1,35,1,0,9,1,2,4,0
462580,1,0,41,1,0,0,0,1,4,0
462584,1,1,39,0,3,0,0,4,4,0
462587,1,1,79,0,7,1,2,2,4,2
462589,1,0,29,0,2,9,0,8,4,0
462595,1,0,33,1,0,7,0,7,4,0
462596,1,0,31,0,5,0,0,,4,2
462600,0,1,25,0,2,4,1,3,4,3
462607,1,,43,0,2,2,1,3,4,2
462609,1,1,52,0,1,4,0,1,4,2
462611,0,1,41,0,4,0,2,7,4,3
462612,1,1,27,0,1,,2,6,4,3
462613,1,1,39,0,2,1,1,5,4,2
462615,0,0,32,0,1,3,0,7,4,0
462617,0,0,19,0,5,1,0,5,4,0
462619,0,,58,0,,1,2,,4,2
462625,0,0,30,1,0,1,0,3,4,0
462626,1,0,31,1,2,0,0,6,4,0
462632,1,1,43,0,2,,1,4,4,0
462637,1,1,63,0,8,,1,6,4,0
462643,1,1,37,1,2,,1,3,4,1
462654,0,1,37,0,0,0,1,6,4,0
462658,1,1,31,1,6,9,1,2,,1
462668,1,0,38,1,0,4,0,1,6,0
462669,1,1,41,1,3,,2,6,6,2
462678,1,1,45,1,0,3,1,3,6,1
462680,0,1,35,1,1,,1,4,6,3
462683,1,1,43,0,2,1,0,5,1,0
462685,1,0,33,0,5,,0,3,4,1
462687,0,0,26,0,6,14,0,3,3,3
462692,1,1,39,0,0,,1,2,6,0
462696,0,1,49,0,0,1,2,2,6,0
462697,0,,47,0,,0,1,2,6,0
462702,0,1,53,0,3,1,1,4,4,1
462704,0,1,52,1,4,5,2,5,6,0
462705,1,1,66,0,7,0,1,2,6,0
462716,0,0,26,0,3,6,0,2,4,3
462720,0,1,38,1,8,,0,5,6,0
462722,1,0,25,0,6,,0,4,6,2
462723,1,1,53,0,0,8,1,2,6,3
462727,1,1,87,0,7,0,2,2,6,2
462729,0,0,28,0,5,1,0,2,6,3
462731,1,1,37,1,0,7,2,3,6,0
462732,1,1,42,1,0,,0,1,6,1
462735,1,1,25,0,0,1,1,2,1,3
462736,1,1,33,0,2,6,0,3,6,3
462738,1,0,33,1,5,,0,3,2,3
462739,0,1,46,1,0,1,0,2,6,2
462743,0,0,33,0,5,2,0,4,3,0
462746,0,0,26,0,3,1,0,3,6,0
462747,0,0,32,0,1,6,0,4,6,3
462752,1,0,25,0,5,,0,1,6,0
462755,1,0,18,0,5,1,0,,6,3
462756,1,0,22,0,2,0,0,4,6,3
462761,0,0,19,0,5,2,0,4,6,1
462762,0,1,46,1,0,0,2,4,6,3
462767,0,0,19,0,5,4,0,4,6,0
462768,0,1,45,1,0,0,1,3,6,2
462776,1,1,52,1,2,1,1,3,6,2
462785,1,1,42,1,2,,1,5,3,2
462788,0,1,47,0,3,1,1,3,3,1
462792,0,1,45,0,6,,1,4,6,2
462799,0,0,32,0,5,,0,,5,0
462804,0,1,41,0,4,5,2,3,4,3
462807,1,0,28,1,6,,0,1,6,2
462810,0,1,37,0,4,9,2,4,6,3
462814,1,1,20,0,2,8,1,2,5,0
462817,1,1,73,1,7,3,0,1,6,2
462819,0,1,51,1,0,0,1,3,6,2
462823,0,1,18,1,2,,1,4,6,3
462824,0,1,42,0,2,1,1,3,4,3
462826,0,0,20,0,5,1,0,3,3,1
462827,1,0,23,0,1,0,0,3,3,3
462834,0,1,31,1,6,2,0,2,1,1
462838,1,1,33,1,6,1,0,3,5,3
462841,0,0,21,0,5,9,0,6,6,0
462845,0,1,51,1,1,5,1,7,6,0
462849,0,1,47,1,0,0,1,4,6,2
462850,0,0,20,0,5,0,0,4,6,3
462853,0,0,21,0,5,0,0,2,6,1
462854,0,0,22,0,5,1,0,3,6,3
462858,1,0,32,1,2,9,0,4,6,0
462861,1,0,30,1,5,8,0,1,6,3
462866,0,1,61,1,1,1,0,1,6,3
462868,0,1,43,0,3,0,1,4,4,3
462869,0,0,25,1,1,8,0,1,6,0
462871,0,1,46,0,3,0,1,3,6,3
462872,1,1,53,0,2,12,0,2,3,2
462874,0,1,55,1,1,0,2,2,6,1
462887,1,1,42,0,2,0,0,3,6,3
462890,1,0,26,1,8,11,0,1,6,3
462891,0,0,29,0,5,0,0,3,6,0
462894,0,1,39,1,0,4,1,4,3,0
462900,0,1,38,1,0,1,1,3,6,2
462903,0,1,69,1,3,,1,2,6,0
462905,1,0,25,0,0,6,0,3,6,0
462914,1,0,26,1,0,4,0,4,6,3
462920,0,1,51,0,4,0,2,5,6,2
462923,0,1,30,0,6,8,1,2,6,2
462925,1,1,28,0,6,,1,2,3,1
462927,1,0,33,0,6,8,0,2,6,3
462936,1,0,41,1,2,,0,1,6,2
462941,0,0,71,0,7,,0,2,6,3
462944,0,1,42,1,4,5,2,3,6,2
462951,0,1,71,1,7,2,0,1,6,1
462956,0,1,35,0,0,6,1,5,6,2
462958,0,0,28,0,8,0,0,5,6,3
462963,0,1,31,1,0,1,1,2,3,0
462966,0,1,43,1,0,2,1,3,6,0
462968,1,1,77,0,7,0,2,2,6,0
462971,1,1,71,1,2,0,0,1,6,1
462976,1,1,47,1,2,0,1,2,6,2
462981,1,0,26,0,6,9,0,1,6,3
462982,0,1,40,0,1,4,1,4,6,1
462983,1,1,72,1,7,0,2,2,6,1
462984,1,1,73,1,0,1,2,2,6,3
462986,0,0,26,1,5,1,0,6,3,1
462992,1,1,57,1,2,,2,3,3,2
462993,0,1,30,0,0,,1,3,6,2
462994,1,1,36,0,0,,1,3,6,0
462998,0,1,52,0,3,10,1,4,6,1
463003,0,1,42,1,0,3,1,2,6,0
463012,0,1,52,0,2,,0,1,6,2
463020,0,1,28,1,0,0,1,3,1,1
463023,1,1,43,0,6,7,0,1,6,1
463024,0,0,43,1,0,,0,1,6,2
463028,0,0,25,0,1,0,0,4,6,3
463030,0,1,52,1,4,1,2,3,6,0
463034,1,0,28,1,6,9,0,1,6,3
463037,0,1,56,1,3,0,1,4,6,0
463039,0,1,38,0,4,12,2,7,6,0
463040,0,1,83,0,7,1,2,2,6,2
463044,0,1,82,1,7,,2,2,6,1
463047,0,1,32,1,6,8,0,,6,3
463051,1,0,35,1,6,12,0,1,6,2
463052,0,1,40,1,8,0,0,2,6,1
463058,1,0,25,1,6,13,0,1,,1
463062,1,1,39,1,0,,1,3,6,3
463069,0,0,25,1,0,7,0,1,6,2
463075,0,1,52,1,0,0,0,4,6,1
463080,0,0,33,0,0,0,0,4,5,1
463083,0,0,28,1,0,6,0,3,6,0
463085,1,0,43,1,0,0,0,1,6,2
463086,0,0,30,1,0,8,0,,5,2
463088,1,1,84,1,7,1,2,2,6,0
463089,0,1,48,1,4,6,2,4,6,2
463090,1,1,55,0,2,3,1,2,6,3
463091,1,1,37,1,6,8,0,1,6,0
463094,0,1,38,1,2,11,1,3,6,0
463096,1,0,28,1,1,,0,3,6,0
463099,0,1,86,1,7,,0,1,6,2
463100,1,0,35,0,6,9,0,1,6,3
463102,0,0,35,0,3,0,0,2,6,0
463104,1,1,46,0,7,0,0,1,6,0
463106,1,1,79,1,7,0,0,1,6,2
463108,0,1,63,1,7,5,2,2,6,1
463118,1,1,50,1,1,,2,3,6,3
463120,1,0,35,1,3,0,0,1,6,0
463129,0,1,65,0,1,,0,1,6,0
463133,0,1,50,0,0,0,1,4,6,2
463138,1,0,27,0,6,,0,,3,0
463144,0,1,45,1,4,0,2,3,6,3
463145,1,0,36,1,6,0,0,4,6,0
463146,0,1,43,0,3,11,1,2,6,1
463148,0,1,62,1,8,1,2,5,6,1
463149,0,1,57,1,0,2,1,2,6,0
463150,0,0,51,0,8,9,0,1,6,0
463151,0,1,59,1,0,0,0,1,3,0
463154,1,1,27,0,0,0,0,4,6,2
463156,1,1,83,0,7,,2,2,6,1
463157,0,1,50,1,3,6,0,3,6,0
463158,0,1,75,1,4,1,2,3,6,3
463163,0,0,28,0,4,2,0,2,3,2
463164,0,1,39,1,0,9,1,2,6,0
463165,1,1,69,1,1,0,1,2,6,2
463166,1,0,41,1,0,1,0,1,4,3
463170,1,,28,1,5,0,0,5,3,0
463171,1,1,39,0,3,1,2,3,3,0
463173,0,0,47,1,0,0,0,1,3,2
463174,1,1,62,1,2,1,0,1,3,1
463175,1,,41,0,2,0,0,4,3,0
463181,0,1,49,1,1,5,1,3,5,3
463187,1,1,52,1,0,8,0,2,6,0
463192,1,1,48,0,3,2,1,,4,0
463195,1,0,26,1,5,7,0,2,3,0
463196,1,1,72,1,2,1,0,1,6,2
463199,1,1,47,1,0,0,0,3,4,3
463201,1,0,19,0,5,1,0,2,4,3
463203,1,0,21,0,5,1,0,3,7,0
463204,0,0,39,0,3,1,0,1,6,3
463209,1,0,52,1,0,0,0,1,6,2
463218,0,1,37,0,3,8,1,3,6,1
463219,0,1,51,0,3,0,0,2,6,0
463220,0,1,48,0,2,1,1,3,6,1
463221,0,0,22,0,5,,0,3,6,3
463224,0,1,47,1,4,1,2,4,6,1
463240,1,1,45,0,2,0,1,3,6,0
463242,1,0,29,0,2,5,0,2,6,2
463244,1,1,47,0,1,1,0,1,6,2
463245,0,1,41,1,3,8,1,2,6,1
463248,1,1,32,0,6,9,1,4,2,2
463251,0,1,31,0,8,2,0,3,6,3
463256,0,0,20,0,8,1,0,3,6,0
463258,1,1,46,1,0,0,1,3,6,1
463260,0,1,70,1,7,3,0,1,6,3
463265,0,1,65,1,0,1,1,3,6,3
463266,1,1,68,,0,1,1,2,6,2
463267,0,1,29,0,6,9,0,1,4,0
463269,0,1,41,1,3,3,1,2,3,0
463270,0,1,50,0,4,0,0,5,,2
463273,0,1,38,1,3,9,1,2,3,2
463276,0,1,37,0,4,,1,2,3,0
463277,1,1,30,0,2,6,0,2,3,0
463278,1,1,63,1,2,1,0,1,3,1
463280,0,1,42,1,0,6,1,2,3,1
463292,0,1,41,0,4,0,2,3,6,2
463302,1,1,60,1,2,,2,4,6,1
463308,0,1,46,1,2,1,0,2,3,2
463316,1,1,83,0,7,0,2,2,6,1
463323,0,1,27,1,5,3,0,2,6,3
463324,1,0,22,0,5,1,0,4,2,1
463330,0,0,20,0,5,0,0,4,6,0
463332,1,1,40,1,2,0,0,2,6,0
463334,1,0,28,1,1,0,0,6,4,3
463335,0,0,28,1,1,,0,1,4,0
463338,0,1,28,0,3,0,0,2,3,1
463340,1,0,20,0,5,0,0,4,3,3
463341,1,1,53,0,2,0,1,6,3,0
463348,1,1,35,1,1,0,0,2,6,0
463351,1,0,21,,5,3,0,4,5,2
463356,0,0,30,1,5,6,0,4,2,3
463360,1,1,46,1,0,2,0,1,6,1
463367,1,0,36,1,2,3,0,4,2,3
463368,1,1,38,1,0,4,2,3,2,0
463372,1,1,26,0,8,1,1,2,,3
463375,1,1,45,1,1,1,0,1,4,3
463376,1,1,46,1,4,5,2,2,6,0
463378,0,0,25,1,1,0,0,1,3,0
